[
{
  "model": "auth.permission",
  "pk": 1,
  "fields": {
    "name": "Can add log entry",
    "content_type": 1,
    "codename": "add_logentry"
  }
},
{
  "model": "auth.permission",
  "pk": 2,
  "fields": {
    "name": "Can change log entry",
    "content_type": 1,
    "codename": "change_logentry"
  }
},
{
  "model": "auth.permission",
  "pk": 3,
  "fields": {
    "name": "Can delete log entry",
    "content_type": 1,
    "codename": "delete_logentry"
  }
},
{
  "model": "auth.permission",
  "pk": 4,
  "fields": {
    "name": "Can view log entry",
    "content_type": 1,
    "codename": "view_logentry"
  }
},
{
  "model": "auth.permission",
  "pk": 5,
  "fields": {
    "name": "Can add permission",
    "content_type": 2,
    "codename": "add_permission"
  }
},
{
  "model": "auth.permission",
  "pk": 6,
  "fields": {
    "name": "Can change permission",
    "content_type": 2,
    "codename": "change_permission"
  }
},
{
  "model": "auth.permission",
  "pk": 7,
  "fields": {
    "name": "Can delete permission",
    "content_type": 2,
    "codename": "delete_permission"
  }
},
{
  "model": "auth.permission",
  "pk": 8,
  "fields": {
    "name": "Can view permission",
    "content_type": 2,
    "codename": "view_permission"
  }
},
{
  "model": "auth.permission",
  "pk": 9,
  "fields": {
    "name": "Can add group",
    "content_type": 3,
    "codename": "add_group"
  }
},
{
  "model": "auth.permission",
  "pk": 10,
  "fields": {
    "name": "Can change group",
    "content_type": 3,
    "codename": "change_group"
  }
},
{
  "model": "auth.permission",
  "pk": 11,
  "fields": {
    "name": "Can delete group",
    "content_type": 3,
    "codename": "delete_group"
  }
},
{
  "model": "auth.permission",
  "pk": 12,
  "fields": {
    "name": "Can view group",
    "content_type": 3,
    "codename": "view_group"
  }
},
{
  "model": "auth.permission",
  "pk": 13,
  "fields": {
    "name": "Can add user",
    "content_type": 4,
    "codename": "add_user"
  }
},
{
  "model": "auth.permission",
  "pk": 14,
  "fields": {
    "name": "Can change user",
    "content_type": 4,
    "codename": "change_user"
  }
},
{
  "model": "auth.permission",
  "pk": 15,
  "fields": {
    "name": "Can delete user",
    "content_type": 4,
    "codename": "delete_user"
  }
},
{
  "model": "auth.permission",
  "pk": 16,
  "fields": {
    "name": "Can view user",
    "content_type": 4,
    "codename": "view_user"
  }
},
{
  "model": "auth.permission",
  "pk": 17,
  "fields": {
    "name": "Can add content type",
    "content_type": 5,
    "codename": "add_contenttype"
  }
},
{
  "model": "auth.permission",
  "pk": 18,
  "fields": {
    "name": "Can change content type",
    "content_type": 5,
    "codename": "change_contenttype"
  }
},
{
  "model": "auth.permission",
  "pk": 19,
  "fields": {
    "name": "Can delete content type",
    "content_type": 5,
    "codename": "delete_contenttype"
  }
},
{
  "model": "auth.permission",
  "pk": 20,
  "fields": {
    "name": "Can view content type",
    "content_type": 5,
    "codename": "view_contenttype"
  }
},
{
  "model": "auth.permission",
  "pk": 21,
  "fields": {
    "name": "Can add session",
    "content_type": 6,
    "codename": "add_session"
  }
},
{
  "model": "auth.permission",
  "pk": 22,
  "fields": {
    "name": "Can change session",
    "content_type": 6,
    "codename": "change_session"
  }
},
{
  "model": "auth.permission",
  "pk": 23,
  "fields": {
    "name": "Can delete session",
    "content_type": 6,
    "codename": "delete_session"
  }
},
{
  "model": "auth.permission",
  "pk": 24,
  "fields": {
    "name": "Can view session",
    "content_type": 6,
    "codename": "view_session"
  }
},
{
  "model": "auth.permission",
  "pk": 25,
  "fields": {
    "name": "Can add Answer",
    "content_type": 7,
    "codename": "add_answer"
  }
},
{
  "model": "auth.permission",
  "pk": 26,
  "fields": {
    "name": "Can change Answer",
    "content_type": 7,
    "codename": "change_answer"
  }
},
{
  "model": "auth.permission",
  "pk": 27,
  "fields": {
    "name": "Can delete Answer",
    "content_type": 7,
    "codename": "delete_answer"
  }
},
{
  "model": "auth.permission",
  "pk": 28,
  "fields": {
    "name": "Can view Answer",
    "content_type": 7,
    "codename": "view_answer"
  }
},
{
  "model": "auth.permission",
  "pk": 29,
  "fields": {
    "name": "Can add profile",
    "content_type": 8,
    "codename": "add_profile"
  }
},
{
  "model": "auth.permission",
  "pk": 30,
  "fields": {
    "name": "Can change profile",
    "content_type": 8,
    "codename": "change_profile"
  }
},
{
  "model": "auth.permission",
  "pk": 31,
  "fields": {
    "name": "Can delete profile",
    "content_type": 8,
    "codename": "delete_profile"
  }
},
{
  "model": "auth.permission",
  "pk": 32,
  "fields": {
    "name": "Can view profile",
    "content_type": 8,
    "codename": "view_profile"
  }
},
{
  "model": "auth.permission",
  "pk": 33,
  "fields": {
    "name": "Can add tag",
    "content_type": 9,
    "codename": "add_tag"
  }
},
{
  "model": "auth.permission",
  "pk": 34,
  "fields": {
    "name": "Can change tag",
    "content_type": 9,
    "codename": "change_tag"
  }
},
{
  "model": "auth.permission",
  "pk": 35,
  "fields": {
    "name": "Can delete tag",
    "content_type": 9,
    "codename": "delete_tag"
  }
},
{
  "model": "auth.permission",
  "pk": 36,
  "fields": {
    "name": "Can view tag",
    "content_type": 9,
    "codename": "view_tag"
  }
},
{
  "model": "auth.permission",
  "pk": 37,
  "fields": {
    "name": "Can add Question",
    "content_type": 10,
    "codename": "add_question"
  }
},
{
  "model": "auth.permission",
  "pk": 38,
  "fields": {
    "name": "Can change Question",
    "content_type": 10,
    "codename": "change_question"
  }
},
{
  "model": "auth.permission",
  "pk": 39,
  "fields": {
    "name": "Can delete Question",
    "content_type": 10,
    "codename": "delete_question"
  }
},
{
  "model": "auth.permission",
  "pk": 40,
  "fields": {
    "name": "Can view Question",
    "content_type": 10,
    "codename": "view_question"
  }
},
{
  "model": "auth.permission",
  "pk": 41,
  "fields": {
    "name": "Can add like",
    "content_type": 11,
    "codename": "add_like"
  }
},
{
  "model": "auth.permission",
  "pk": 42,
  "fields": {
    "name": "Can change like",
    "content_type": 11,
    "codename": "change_like"
  }
},
{
  "model": "auth.permission",
  "pk": 43,
  "fields": {
    "name": "Can delete like",
    "content_type": 11,
    "codename": "delete_like"
  }
},
{
  "model": "auth.permission",
  "pk": 44,
  "fields": {
    "name": "Can view like",
    "content_type": 11,
    "codename": "view_like"
  }
},
{
  "model": "auth.permission",
  "pk": 45,
  "fields": {
    "name": "Can add answers likes",
    "content_type": 12,
    "codename": "add_answerslikes"
  }
},
{
  "model": "auth.permission",
  "pk": 46,
  "fields": {
    "name": "Can change answers likes",
    "content_type": 12,
    "codename": "change_answerslikes"
  }
},
{
  "model": "auth.permission",
  "pk": 47,
  "fields": {
    "name": "Can delete answers likes",
    "content_type": 12,
    "codename": "delete_answerslikes"
  }
},
{
  "model": "auth.permission",
  "pk": 48,
  "fields": {
    "name": "Can view answers likes",
    "content_type": 12,
    "codename": "view_answerslikes"
  }
},
{
  "model": "auth.user",
  "pk": 1,
  "fields": {
    "password": "pbkdf2_sha256$216000$qxjLuWbFyq8o$WJULoZHj53vtxwRbzaT3blPgrcz1JJM5gnRbosUSxYs=",
    "last_login": null,
    "is_superuser": true,
    "username": "admin",
    "first_name": "",
    "last_name": "",
    "email": "",
    "is_staff": true,
    "is_active": true,
    "date_joined": "2020-11-16T19:49:20.569Z",
    "groups": [],
    "user_permissions": []
  }
},
{
  "model": "auth.user",
  "pk": 2,
  "fields": {
    "password": "1p%3WT*f2&",
    "last_login": null,
    "is_superuser": false,
    "username": "Margaret Weiss",
    "first_name": "",
    "last_name": "",
    "email": "mbarber@ross-gomez.info",
    "is_staff": false,
    "is_active": true,
    "date_joined": "2020-11-16T19:49:25.187Z",
    "groups": [],
    "user_permissions": []
  }
},
{
  "model": "auth.user",
  "pk": 3,
  "fields": {
    "password": "0z5E(Iw)(K",
    "last_login": null,
    "is_superuser": false,
    "username": "Jonathan Velazquez",
    "first_name": "",
    "last_name": "",
    "email": "robinsonreginald@moyer.com",
    "is_staff": false,
    "is_active": true,
    "date_joined": "2020-11-16T19:49:25.190Z",
    "groups": [],
    "user_permissions": []
  }
},
{
  "model": "auth.user",
  "pk": 4,
  "fields": {
    "password": "+C3SoThMfR",
    "last_login": null,
    "is_superuser": false,
    "username": "Audrey Kaufman",
    "first_name": "",
    "last_name": "",
    "email": "andersonandrew@gmail.com",
    "is_staff": false,
    "is_active": true,
    "date_joined": "2020-11-16T19:49:25.193Z",
    "groups": [],
    "user_permissions": []
  }
},
{
  "model": "auth.user",
  "pk": 5,
  "fields": {
    "password": "&@@3O_sgOa",
    "last_login": null,
    "is_superuser": false,
    "username": "Jamie Hammond",
    "first_name": "",
    "last_name": "",
    "email": "rrobertson@johnson.com",
    "is_staff": false,
    "is_active": true,
    "date_joined": "2020-11-16T19:49:25.196Z",
    "groups": [],
    "user_permissions": []
  }
},
{
  "model": "auth.user",
  "pk": 6,
  "fields": {
    "password": "Dx6IDI7fE(",
    "last_login": null,
    "is_superuser": false,
    "username": "Dennis Perry",
    "first_name": "",
    "last_name": "",
    "email": "yshields@medina.org",
    "is_staff": false,
    "is_active": true,
    "date_joined": "2020-11-16T19:49:25.199Z",
    "groups": [],
    "user_permissions": []
  }
},
{
  "model": "auth.user",
  "pk": 7,
  "fields": {
    "password": "$6nH__Yq^6",
    "last_login": null,
    "is_superuser": false,
    "username": "Melanie Moody",
    "first_name": "",
    "last_name": "",
    "email": "rodriguezcarla@short-adams.com",
    "is_staff": false,
    "is_active": true,
    "date_joined": "2020-11-16T19:49:25.202Z",
    "groups": [],
    "user_permissions": []
  }
},
{
  "model": "auth.user",
  "pk": 8,
  "fields": {
    "password": "*z6Dh+bp8E",
    "last_login": null,
    "is_superuser": false,
    "username": "Vincent Noble III",
    "first_name": "",
    "last_name": "",
    "email": "kathryn17@johnson.org",
    "is_staff": false,
    "is_active": true,
    "date_joined": "2020-11-16T19:49:25.204Z",
    "groups": [],
    "user_permissions": []
  }
},
{
  "model": "auth.user",
  "pk": 9,
  "fields": {
    "password": "t6V8o12g)M",
    "last_login": null,
    "is_superuser": false,
    "username": "Stephanie Jenkins",
    "first_name": "",
    "last_name": "",
    "email": "thomastaylor@yahoo.com",
    "is_staff": false,
    "is_active": true,
    "date_joined": "2020-11-16T19:49:25.206Z",
    "groups": [],
    "user_permissions": []
  }
},
{
  "model": "auth.user",
  "pk": 10,
  "fields": {
    "password": "(d1WC0dqJE",
    "last_login": null,
    "is_superuser": false,
    "username": "Cynthia Jefferson",
    "first_name": "",
    "last_name": "",
    "email": "gbradley@hotmail.com",
    "is_staff": false,
    "is_active": true,
    "date_joined": "2020-11-16T19:49:25.208Z",
    "groups": [],
    "user_permissions": []
  }
},
{
  "model": "auth.user",
  "pk": 11,
  "fields": {
    "password": "v&+F8_Spnm",
    "last_login": null,
    "is_superuser": false,
    "username": "Daniel Peterson",
    "first_name": "",
    "last_name": "",
    "email": "sarahnunez@morgan.com",
    "is_staff": false,
    "is_active": true,
    "date_joined": "2020-11-16T19:49:25.210Z",
    "groups": [],
    "user_permissions": []
  }
},
{
  "model": "app.tag",
  "pk": 1,
  "fields": {
    "name": "minute",
    "rating": 4
  }
},
{
  "model": "app.tag",
  "pk": 2,
  "fields": {
    "name": "know",
    "rating": 1
  }
},
{
  "model": "app.tag",
  "pk": 3,
  "fields": {
    "name": "help",
    "rating": 2
  }
},
{
  "model": "app.tag",
  "pk": 4,
  "fields": {
    "name": "form",
    "rating": 2
  }
},
{
  "model": "app.tag",
  "pk": 5,
  "fields": {
    "name": "why",
    "rating": 1
  }
},
{
  "model": "app.tag",
  "pk": 6,
  "fields": {
    "name": "stay",
    "rating": 6
  }
},
{
  "model": "app.tag",
  "pk": 7,
  "fields": {
    "name": "member",
    "rating": 4
  }
},
{
  "model": "app.tag",
  "pk": 8,
  "fields": {
    "name": "computer",
    "rating": 1
  }
},
{
  "model": "app.tag",
  "pk": 9,
  "fields": {
    "name": "human",
    "rating": 3
  }
},
{
  "model": "app.tag",
  "pk": 10,
  "fields": {
    "name": "number",
    "rating": 6
  }
},
{
  "model": "app.profile",
  "pk": 1,
  "fields": {
    "user": 2,
    "name": "Russell Maxwell",
    "img": "https://picsum.photos/640/360"
  }
},
{
  "model": "app.profile",
  "pk": 2,
  "fields": {
    "user": 3,
    "name": "April Miller",
    "img": "https://picsum.photos/640/360"
  }
},
{
  "model": "app.profile",
  "pk": 3,
  "fields": {
    "user": 4,
    "name": "William Gross",
    "img": "https://picsum.photos/640/360"
  }
},
{
  "model": "app.profile",
  "pk": 4,
  "fields": {
    "user": 5,
    "name": "Daniel Castillo",
    "img": "https://picsum.photos/640/360"
  }
},
{
  "model": "app.profile",
  "pk": 5,
  "fields": {
    "user": 6,
    "name": "Katelyn Hunter",
    "img": "https://picsum.photos/640/360"
  }
},
{
  "model": "app.profile",
  "pk": 6,
  "fields": {
    "user": 7,
    "name": "Elizabeth Taylor",
    "img": "https://picsum.photos/640/360"
  }
},
{
  "model": "app.profile",
  "pk": 7,
  "fields": {
    "user": 8,
    "name": "David Jackson",
    "img": "https://picsum.photos/640/360"
  }
},
{
  "model": "app.profile",
  "pk": 8,
  "fields": {
    "user": 9,
    "name": "Pamela Edwards MD",
    "img": "https://picsum.photos/640/360"
  }
},
{
  "model": "app.profile",
  "pk": 9,
  "fields": {
    "user": 10,
    "name": "Paul Taylor",
    "img": "https://picsum.photos/640/360"
  }
},
{
  "model": "app.profile",
  "pk": 10,
  "fields": {
    "user": 11,
    "name": "Erin Case",
    "img": "https://picsum.photos/640/360"
  }
},
{
  "model": "app.question",
  "pk": 1,
  "fields": {
    "Author": 7,
    "title": "Assume civil feel contain student collection around.",
    "creation_date": "2020-11-16T19:49:25.213Z",
    "text": "Knowledge red student level method. Hair official wrong three long. Girl rest then natural matter eat news.",
    "likes": 6,
    "answers_count": 2,
    "tags": [
      6
    ]
  }
},
{
  "model": "app.question",
  "pk": 2,
  "fields": {
    "Author": 8,
    "title": "Point public dream protect beat no measure wish.",
    "creation_date": "2020-11-16T19:49:25.219Z",
    "text": "Toward behind article down this factor. Attention entire arrive must sort. Success light father fish.\nLater Democrat street child he visit. Training these time discuss indicate kind.",
    "likes": 8,
    "answers_count": 0,
    "tags": [
      1,
      5,
      6,
      7,
      10
    ]
  }
},
{
  "model": "app.question",
  "pk": 3,
  "fields": {
    "Author": 8,
    "title": "Less treat write physical rate.",
    "creation_date": "2020-11-16T19:49:25.233Z",
    "text": "Morning state care hit ten beat parent. Special security student piece. Word seven place hospital avoid newspaper.\nBag guess program see company. Lay charge country watch charge.",
    "likes": 5,
    "answers_count": 1,
    "tags": [
      1,
      2,
      6,
      9
    ]
  }
},
{
  "model": "app.question",
  "pk": 4,
  "fields": {
    "Author": 4,
    "title": "Leader drive and say your another night become.",
    "creation_date": "2020-11-16T19:49:25.244Z",
    "text": "Center physical audience group lay he. Expect those decision others our billion out.",
    "likes": 10,
    "answers_count": 1,
    "tags": [
      1,
      4,
      7
    ]
  }
},
{
  "model": "app.question",
  "pk": 5,
  "fields": {
    "Author": 6,
    "title": "Mind move lawyer page drop however beat.",
    "creation_date": "2020-11-16T19:49:25.253Z",
    "text": "Easy than recently star. Effort agreement identify economic example a stuff. Professor memory tend official alone tree.",
    "likes": 9,
    "answers_count": 1,
    "tags": [
      4,
      10
    ]
  }
},
{
  "model": "app.question",
  "pk": 6,
  "fields": {
    "Author": 6,
    "title": "Sure defense there option.",
    "creation_date": "2020-11-16T19:49:25.262Z",
    "text": "About this music brother ability season develop.\nEven fill single positive. Sure resource somebody prepare possible wrong arrive. Discuss friend everybody worker.",
    "likes": 5,
    "answers_count": 1,
    "tags": [
      8,
      9
    ]
  }
},
{
  "model": "app.question",
  "pk": 7,
  "fields": {
    "Author": 1,
    "title": "Face through alone medical difficult share well face.",
    "creation_date": "2020-11-16T19:49:25.271Z",
    "text": "Product thousand to morning care into natural decision. Environment talk wonder manage board what major.",
    "likes": 10,
    "answers_count": 1,
    "tags": [
      6,
      7,
      9,
      10
    ]
  }
},
{
  "model": "app.question",
  "pk": 8,
  "fields": {
    "Author": 7,
    "title": "Threat enough every listen.",
    "creation_date": "2020-11-16T19:49:25.286Z",
    "text": "Mr easy two camera. West help say yes environment middle government.\nSkin will conference really vote next born. Author media involve whole low. His law religious watch.",
    "likes": 7,
    "answers_count": 1,
    "tags": [
      7,
      10
    ]
  }
},
{
  "model": "app.question",
  "pk": 9,
  "fields": {
    "Author": 10,
    "title": "North step back safe.",
    "creation_date": "2020-11-16T19:49:25.297Z",
    "text": "Himself skill end research international. Window national for project once it own.\nHow who player.\nNational so management start. Town thing woman step there. Per reach way will tell happy behind.",
    "likes": 5,
    "answers_count": 1,
    "tags": [
      3,
      6,
      10
    ]
  }
},
{
  "model": "app.question",
  "pk": 10,
  "fields": {
    "Author": 1,
    "title": "Word arm exist growth treat involve toward.",
    "creation_date": "2020-11-16T19:49:25.313Z",
    "text": "Yard during as his country effort. Color special behind really street. Another religious happy economic concern outside.\nLeft across or actually. Stock ever or over.",
    "likes": 9,
    "answers_count": 1,
    "tags": [
      10
    ]
  }
},
{
  "model": "app.answer",
  "pk": 1,
  "fields": {
    "Author": 3,
    "text": "Rule history speech. Administration far we official statement strong religious gun.",
    "creation_date": "2020-11-16T19:49:25.320Z",
    "question": 9,
    "likes": 0
  }
},
{
  "model": "app.answer",
  "pk": 2,
  "fields": {
    "Author": 7,
    "text": "Under deep citizen only determine. Can force others tend north second guess him.\nDetermine easy discussion likely buy when. Use nearly return media.",
    "creation_date": "2020-11-16T19:49:25.328Z",
    "question": 7,
    "likes": 0
  }
},
{
  "model": "app.answer",
  "pk": 3,
  "fields": {
    "Author": 3,
    "text": "Fear information media brother need investment. Loss rate computer.\nEverything tonight soon believe all.\nChurch sit city well. Bar fall offer. Itself political thought day. Its land economy for.",
    "creation_date": "2020-11-16T19:49:25.335Z",
    "question": 4,
    "likes": 0
  }
},
{
  "model": "app.answer",
  "pk": 4,
  "fields": {
    "Author": 2,
    "text": "Family speak event will learn today coach. Education yard today oil lead.\nMight difference hot discussion what heart. Job consumer other pressure possible month.",
    "creation_date": "2020-11-16T19:49:25.340Z",
    "question": 1,
    "likes": 0
  }
},
{
  "model": "app.answer",
  "pk": 5,
  "fields": {
    "Author": 9,
    "text": "Cost ball own give section strategy opportunity. Health partner whole any.\nSuccess section indicate majority just national loss. Space scene between none know science mind.\nGuess anything bit leader.",
    "creation_date": "2020-11-16T19:49:25.346Z",
    "question": 8,
    "likes": 0
  }
},
{
  "model": "app.answer",
  "pk": 6,
  "fields": {
    "Author": 9,
    "text": "War number writer animal sell. Your north among tax not pull.\nGrowth six notice great thousand rest.\nNext eat money easy my.",
    "creation_date": "2020-11-16T19:49:25.351Z",
    "question": 10,
    "likes": 0
  }
},
{
  "model": "app.answer",
  "pk": 7,
  "fields": {
    "Author": 10,
    "text": "War ask space environment strong certainly. Control the blue three yard.\nRequire born two. Picture hotel finally risk. Teach on activity fund.",
    "creation_date": "2020-11-16T19:49:25.359Z",
    "question": 5,
    "likes": 0
  }
},
{
  "model": "app.answer",
  "pk": 8,
  "fields": {
    "Author": 1,
    "text": "Mrs discover across successful general. Position will safe station.\nGrowth tree sign give meeting single yard.\nExample support goal thousand laugh. Heart nice eye stock. Issue trip price want.",
    "creation_date": "2020-11-16T19:49:25.365Z",
    "question": 3,
    "likes": 0
  }
},
{
  "model": "app.answer",
  "pk": 9,
  "fields": {
    "Author": 2,
    "text": "Oil white anything mother ball Mrs. Late like write boy win. Above drug another help base.\nInclude their degree local whether. Girl two simple she later. Fill her skin where subject.",
    "creation_date": "2020-11-16T19:49:25.370Z",
    "question": 1,
    "likes": 0
  }
},
{
  "model": "app.answer",
  "pk": 10,
  "fields": {
    "Author": 4,
    "text": "Week answer character recently brother. Catch Mrs year hard realize hour major. Appear year marriage behind prevent military. Drop miss maintain college.",
    "creation_date": "2020-11-16T19:49:25.375Z",
    "question": 6,
    "likes": 0
  }
},
{
  "model": "app.like",
  "pk": 1,
  "fields": {
    "user": 2,
    "question": 7
  }
},
{
  "model": "app.like",
  "pk": 2,
  "fields": {
    "user": 10,
    "question": 7
  }
},
{
  "model": "app.like",
  "pk": 3,
  "fields": {
    "user": 8,
    "question": 7
  }
},
{
  "model": "app.like",
  "pk": 4,
  "fields": {
    "user": 8,
    "question": 7
  }
},
{
  "model": "app.like",
  "pk": 5,
  "fields": {
    "user": 4,
    "question": 7
  }
},
{
  "model": "app.like",
  "pk": 6,
  "fields": {
    "user": 8,
    "question": 7
  }
},
{
  "model": "app.like",
  "pk": 7,
  "fields": {
    "user": 5,
    "question": 7
  }
},
{
  "model": "app.like",
  "pk": 8,
  "fields": {
    "user": 8,
    "question": 7
  }
},
{
  "model": "app.like",
  "pk": 9,
  "fields": {
    "user": 10,
    "question": 7
  }
},
{
  "model": "app.like",
  "pk": 10,
  "fields": {
    "user": 3,
    "question": 7
  }
},
{
  "model": "app.like",
  "pk": 11,
  "fields": {
    "user": 5,
    "question": 10
  }
},
{
  "model": "app.like",
  "pk": 12,
  "fields": {
    "user": 3,
    "question": 10
  }
},
{
  "model": "app.like",
  "pk": 13,
  "fields": {
    "user": 1,
    "question": 10
  }
},
{
  "model": "app.like",
  "pk": 14,
  "fields": {
    "user": 5,
    "question": 10
  }
},
{
  "model": "app.like",
  "pk": 15,
  "fields": {
    "user": 1,
    "question": 10
  }
},
{
  "model": "app.like",
  "pk": 16,
  "fields": {
    "user": 7,
    "question": 10
  }
},
{
  "model": "app.like",
  "pk": 17,
  "fields": {
    "user": 9,
    "question": 10
  }
},
{
  "model": "app.like",
  "pk": 18,
  "fields": {
    "user": 7,
    "question": 10
  }
},
{
  "model": "app.like",
  "pk": 19,
  "fields": {
    "user": 3,
    "question": 10
  }
},
{
  "model": "app.like",
  "pk": 20,
  "fields": {
    "user": 3,
    "question": 4
  }
},
{
  "model": "app.like",
  "pk": 21,
  "fields": {
    "user": 7,
    "question": 4
  }
},
{
  "model": "app.like",
  "pk": 22,
  "fields": {
    "user": 7,
    "question": 4
  }
},
{
  "model": "app.like",
  "pk": 23,
  "fields": {
    "user": 7,
    "question": 4
  }
},
{
  "model": "app.like",
  "pk": 24,
  "fields": {
    "user": 4,
    "question": 4
  }
},
{
  "model": "app.like",
  "pk": 25,
  "fields": {
    "user": 6,
    "question": 4
  }
},
{
  "model": "app.like",
  "pk": 26,
  "fields": {
    "user": 6,
    "question": 4
  }
},
{
  "model": "app.like",
  "pk": 27,
  "fields": {
    "user": 2,
    "question": 4
  }
},
{
  "model": "app.like",
  "pk": 28,
  "fields": {
    "user": 9,
    "question": 4
  }
},
{
  "model": "app.like",
  "pk": 29,
  "fields": {
    "user": 8,
    "question": 4
  }
},
{
  "model": "app.like",
  "pk": 30,
  "fields": {
    "user": 1,
    "question": 5
  }
},
{
  "model": "app.like",
  "pk": 31,
  "fields": {
    "user": 4,
    "question": 5
  }
},
{
  "model": "app.like",
  "pk": 32,
  "fields": {
    "user": 10,
    "question": 5
  }
},
{
  "model": "app.like",
  "pk": 33,
  "fields": {
    "user": 7,
    "question": 5
  }
},
{
  "model": "app.like",
  "pk": 34,
  "fields": {
    "user": 8,
    "question": 5
  }
},
{
  "model": "app.like",
  "pk": 35,
  "fields": {
    "user": 9,
    "question": 5
  }
},
{
  "model": "app.like",
  "pk": 36,
  "fields": {
    "user": 3,
    "question": 5
  }
},
{
  "model": "app.like",
  "pk": 37,
  "fields": {
    "user": 4,
    "question": 5
  }
},
{
  "model": "app.like",
  "pk": 38,
  "fields": {
    "user": 1,
    "question": 5
  }
},
{
  "model": "app.like",
  "pk": 39,
  "fields": {
    "user": 10,
    "question": 6
  }
},
{
  "model": "app.like",
  "pk": 40,
  "fields": {
    "user": 7,
    "question": 6
  }
},
{
  "model": "app.like",
  "pk": 41,
  "fields": {
    "user": 2,
    "question": 6
  }
},
{
  "model": "app.like",
  "pk": 42,
  "fields": {
    "user": 10,
    "question": 6
  }
},
{
  "model": "app.like",
  "pk": 43,
  "fields": {
    "user": 6,
    "question": 6
  }
},
{
  "model": "app.like",
  "pk": 44,
  "fields": {
    "user": 7,
    "question": 1
  }
},
{
  "model": "app.like",
  "pk": 45,
  "fields": {
    "user": 2,
    "question": 1
  }
},
{
  "model": "app.like",
  "pk": 46,
  "fields": {
    "user": 10,
    "question": 1
  }
},
{
  "model": "app.like",
  "pk": 47,
  "fields": {
    "user": 9,
    "question": 1
  }
},
{
  "model": "app.like",
  "pk": 48,
  "fields": {
    "user": 6,
    "question": 1
  }
},
{
  "model": "app.like",
  "pk": 49,
  "fields": {
    "user": 4,
    "question": 1
  }
},
{
  "model": "app.like",
  "pk": 50,
  "fields": {
    "user": 4,
    "question": 8
  }
},
{
  "model": "app.like",
  "pk": 51,
  "fields": {
    "user": 1,
    "question": 8
  }
},
{
  "model": "app.like",
  "pk": 52,
  "fields": {
    "user": 5,
    "question": 8
  }
},
{
  "model": "app.like",
  "pk": 53,
  "fields": {
    "user": 4,
    "question": 8
  }
},
{
  "model": "app.like",
  "pk": 54,
  "fields": {
    "user": 7,
    "question": 8
  }
},
{
  "model": "app.like",
  "pk": 55,
  "fields": {
    "user": 10,
    "question": 8
  }
},
{
  "model": "app.like",
  "pk": 56,
  "fields": {
    "user": 1,
    "question": 8
  }
},
{
  "model": "app.like",
  "pk": 57,
  "fields": {
    "user": 10,
    "question": 2
  }
},
{
  "model": "app.like",
  "pk": 58,
  "fields": {
    "user": 2,
    "question": 2
  }
},
{
  "model": "app.like",
  "pk": 59,
  "fields": {
    "user": 7,
    "question": 2
  }
},
{
  "model": "app.like",
  "pk": 60,
  "fields": {
    "user": 10,
    "question": 2
  }
},
{
  "model": "app.like",
  "pk": 61,
  "fields": {
    "user": 1,
    "question": 2
  }
},
{
  "model": "app.like",
  "pk": 62,
  "fields": {
    "user": 5,
    "question": 2
  }
},
{
  "model": "app.like",
  "pk": 63,
  "fields": {
    "user": 2,
    "question": 2
  }
},
{
  "model": "app.like",
  "pk": 64,
  "fields": {
    "user": 7,
    "question": 2
  }
},
{
  "model": "app.like",
  "pk": 65,
  "fields": {
    "user": 4,
    "question": 3
  }
},
{
  "model": "app.like",
  "pk": 66,
  "fields": {
    "user": 10,
    "question": 3
  }
},
{
  "model": "app.like",
  "pk": 67,
  "fields": {
    "user": 6,
    "question": 3
  }
},
{
  "model": "app.like",
  "pk": 68,
  "fields": {
    "user": 7,
    "question": 3
  }
},
{
  "model": "app.like",
  "pk": 69,
  "fields": {
    "user": 1,
    "question": 3
  }
},
{
  "model": "app.like",
  "pk": 70,
  "fields": {
    "user": 7,
    "question": 9
  }
},
{
  "model": "app.like",
  "pk": 71,
  "fields": {
    "user": 10,
    "question": 9
  }
},
{
  "model": "app.like",
  "pk": 72,
  "fields": {
    "user": 9,
    "question": 9
  }
},
{
  "model": "app.like",
  "pk": 73,
  "fields": {
    "user": 10,
    "question": 9
  }
},
{
  "model": "app.like",
  "pk": 74,
  "fields": {
    "user": 4,
    "question": 9
  }
}
]
